id,name,user,discription,star,update time,year,url,created_time
55076063,Awesome-Hacking,Hack-with-Github,"A collection of various awesome lists for hackers, pentesters and security researchers",111173,2026-04-28T13:26:37Z,2026.0,https://github.com/Hack-with-Github/Awesome-Hacking,2016.0
23208012,awesome-security,sbilly,"A collection of awesome software, libraries, documents, books, resources and cools stuffs about security.",14266,2026-04-28T08:15:48Z,2026.0,https://github.com/sbilly/awesome-security,2014.0
80358070,awesome-web-security,qazbnm456,🐶 A curated list of Web Security materials and resources.,13332,2026-04-28T08:16:11Z,2026.0,https://github.com/qazbnm456/awesome-web-security,2017.0
22117770,android-security-awesome,ashishb,A collection of android security related resources,9369,2026-04-28T05:09:10Z,2026.0,https://github.com/ashishb/android-security-awesome,2014.0
76955905,awesome-ml-for-cybersecurity,jivoi,:octocat: Machine Learning for Cyber Security,8544,2026-04-28T09:16:34Z,2026.0,https://github.com/jivoi/awesome-ml-for-cybersecurity,2016.0
290234921,awesome-youtubers,JoseDeFreitas,"An awesome list of awesome YouTubers that teach about technology. Tutorials about web development, computer science, machine learning, game development, cybersecurity, and more.",7364,2026-04-28T13:16:40Z,2026.0,https://github.com/JoseDeFreitas/awesome-youtubers,2020.0
184064793,awesome-security-hardening,decalage2,"A collection of awesome security hardening guides, tools and other resources",6278,2026-04-28T12:06:25Z,2026.0,https://github.com/decalage2/awesome-security-hardening,2019.0
142053144,awesome-cybersecurity-blueteam,fabacab,":computer:🛡️ A curated collection of awesome resources, tools, and other shiny things for cybersecurity blue teams.",5262,2026-04-28T11:10:33Z,2026.0,https://github.com/fabacab/awesome-cybersecurity-blueteam,2018.0
64367335,awesome-vehicle-security,jaredthecoder,🚗  A curated list of resources for learning about vehicle security and car hacking.,4262,2026-04-28T13:26:25Z,2026.0,https://github.com/jaredthecoder/awesome-vehicle-security,2016.0
49948104,awesome-sec-talks,PaulSec,A collected list of awesome security talks,4207,2026-04-22T18:59:30Z,2026.0,https://github.com/PaulSec/awesome-sec-talks,2016.0
287584589,awesome-api-security,arainho,A collection of awesome API Security tools and resources. The focus goes to open-source tools and resources that benefit all the community.,3779,2026-04-28T10:49:34Z,2026.0,https://github.com/arainho/awesome-api-security,2020.0
489449257,awesome-list,0xor0ne,Cybersecurity oriented awesome list,3636,2026-04-26T22:12:03Z,2026.0,https://github.com/0xor0ne/awesome-list,2022.0
231425210,awesome-mobile-security,vaib25vicky,An effort to build a single place for all useful android and iOS security related stuff. All references and tools belong to their respective owners. I'm just maintaining it.,3471,2026-04-28T11:24:33Z,2026.0,https://github.com/vaib25vicky/awesome-mobile-security,2020.0
549456931,Awesome-Cybersecurity-Handbooks,0xsyr0,A huge chunk of my personal notes since I started playing CTFs and working as a Red Teamer.,3403,2026-04-27T21:56:35Z,2026.0,https://github.com/0xsyr0/Awesome-Cybersecurity-Handbooks,2022.0
313261022,awesome-canbus,iDoka,":articulated_lorry: Awesome CAN bus tools, hardware and resources for Cyber Security Researchers, Reverse Engineers, and Automotive Electronics Enthusiasts.",3198,2026-04-27T03:54:04Z,2026.0,https://github.com/iDoka/awesome-canbus,2020.0
154401464,awesome-nodejs-security,lirantal,Awesome Node.js Security resources,2999,2026-04-24T10:14:26Z,2026.0,https://github.com/lirantal/awesome-nodejs-security,2018.0
476271445,awesome-cyber-security-university,brootware,🎓 Because Education should be free. Contributions welcome! 🕵️,2896,2026-04-27T21:25:45Z,2026.0,https://github.com/brootware/awesome-cyber-security-university,2022.0
477570603,awesome-game-security,gmh5225,awesome game security [Welcome to PR],2845,2026-04-28T00:56:04Z,2026.0,https://github.com/gmh5225/awesome-game-security,2022.0
262716319,awesome-cloud-security,4ndersonLin,🛡️ Awesome Cloud Security Resources ⚔️,2402,2026-04-28T06:06:30Z,2026.0,https://github.com/4ndersonLin/awesome-cloud-security,2020.0
198968285,awesome-embedded-and-iot-security,fkie-cad,A curated list of awesome embedded and IoT security resources.,2303,2026-04-28T09:06:46Z,2026.0,https://github.com/fkie-cad/awesome-embedded-and-iot-security,2019.0
125789528,awesome-windows-kernel-security-development,ExpLife0011,windows kernel security development,2064,2026-04-28T09:39:39Z,2026.0,https://github.com/ExpLife0011/awesome-windows-kernel-security-development,2018.0
277564848,awesome-k8s-security,magnologan,A curated list for Awesome Kubernetes Security resources,1998,2026-04-25T21:23:18Z,2026.0,https://github.com/magnologan/awesome-k8s-security,2020.0
146606468,Awesome-Cybersecurity-Datasets,shramos,A curated list of amazingly awesome Cybersecurity datasets,1964,2026-04-28T07:10:17Z,2026.0,https://github.com/shramos/Awesome-Cybersecurity-Datasets,2018.0
162525428,awesome-golang-security,guardrailsio,Awesome Golang Security resources 🕶🔐,1963,2026-04-24T06:04:37Z,2026.0,https://github.com/guardrailsio/awesome-golang-security,2018.0
47621478,awesome-industrial-control-system-security,hslatman,A curated list of resources related to Industrial Control System (ICS) security.,1949,2026-04-26T22:47:53Z,2026.0,https://github.com/hslatman/awesome-industrial-control-system-security,2015.0
740789348,Awesome-LM-SSP,CryptoAILab,"A reading list for large models safety, security, and privacy (including Awesome LLM Security, Safety, etc.).",1947,2026-04-27T17:35:19Z,2026.0,https://github.com/CryptoAILab/Awesome-LM-SSP,2024.0
633824327,Awesome-CloudSec-Labs,iknowjason,"Awesome free cloud native security learning labs.  Includes CTF, self-hosted workshops, guided vulnerability labs, and research labs.",1943,2026-04-27T01:40:06Z,2026.0,https://github.com/iknowjason/Awesome-CloudSec-Labs,2023.0
296523529,awesome-android-security,saeidshirazi,A curated list of Android Security materials and resources For Pentesters and Bug Hunters,1893,2026-04-27T05:17:58Z,2026.0,https://github.com/saeidshirazi/awesome-android-security,2020.0
94710048,awesome-lockpicking,fabacab,":unlock::sunglasses: A curated list of awesome guides, tools, and other resources related to the security and compromise of locks, safes, and keys.",1860,2026-04-28T02:46:20Z,2026.0,https://github.com/fabacab/awesome-lockpicking,2017.0
92865964,awesome-cyber-security,fabionoth,"A collection of awesome software, libraries, documents, books, resources and cools stuffs about security.",1851,2026-04-28T05:56:38Z,2026.0,https://github.com/fabionoth/awesome-cyber-security,2017.0
82483313,awesome-windows-domain-hardening,PaulSec,A curated list of awesome Security Hardening techniques for Windows.,1795,2026-04-26T13:10:04Z,2026.0,https://github.com/PaulSec/awesome-windows-domain-hardening,2017.0
29182759,osx-and-ios-security-awesome,ashishb,OSX and iOS related security tools,1650,2026-04-27T02:36:01Z,2026.0,https://github.com/ashishb/osx-and-ios-security-awesome,2015.0
102793957,Awesome-AI-Security,DeepSpaceHarbor,:file_folder: #AISecurity,1616,2026-04-27T02:48:24Z,2026.0,https://github.com/DeepSpaceHarbor/Awesome-AI-Security,2017.0
500124235,Awesome-web3-Security,Anugrahsr,A curated list of web3Security materials and resources For Pentesters and Bug Hunters.,1582,2026-04-25T14:16:11Z,2026.0,https://github.com/Anugrahsr/Awesome-web3-Security,2022.0
662394571,awesome-llm-security,corca-ai,"A curation of awesome tools, documents and projects about LLM Security.",1575,2026-04-28T07:43:46Z,2026.0,https://github.com/corca-ai/awesome-llm-security,2023.0
186966440,awesome-aws-security,jassics,"Curated list of links, references, books videos, tutorials (Free or Paid), Exploit, CTFs, Hacking Practices etc. which are related to AWS Security",1550,2026-04-28T02:41:46Z,2026.0,https://github.com/jassics/awesome-aws-security,2019.0
144327211,awesome-ethereum-security,crytic,A curated list of awesome Ethereum security references,1473,2026-04-16T08:08:47Z,2026.0,https://github.com/crytic/awesome-ethereum-security,2018.0
576895240,awesome-lists,mthcht,Awesome Security lists for SOC/CERT/CTI,1435,2026-04-28T13:14:13Z,2026.0,https://github.com/mthcht/awesome-lists,2022.0
746499182,Awesome-LLM4Cybersecurity,tmylla,An overview of LLMs for cybersecurity.,1302,2026-04-28T13:09:19Z,2026.0,https://github.com/tmylla/Awesome-LLM4Cybersecurity,2024.0
454285630,awesome-security-newsletters,TalEliyahu,"Periodic cyber security newsletters that capture the latest news, summaries of conference talks, research, best practices, tools, events, vulnerabilities, and analysis of trending threats and attacks",1298,2026-04-21T20:50:31Z,2026.0,https://github.com/TalEliyahu/awesome-security-newsletters,2022.0
470281516,awesome-annual-security-reports,jacobdjwilson,A curated list of annual cyber security reports,1087,2026-04-27T14:26:32Z,2026.0,https://github.com/jacobdjwilson/awesome-annual-security-reports,2022.0
438261392,awesome-rl-for-cybersecurity,Kim-Hammar,A curated list of resources dedicated to reinforcement learning applied to cyber security.,1039,2026-04-25T21:16:09Z,2026.0,https://github.com/Kim-Hammar/awesome-rl-for-cybersecurity,2021.0
161420175,awesome-php-security,guardrailsio,Awesome PHP Security Resources 🕶🐘🔐,1033,2026-04-28T12:44:40Z,2026.0,https://github.com/guardrailsio/awesome-php-security,2018.0
351508399,awesome-security-GRC,Arudjreis,"Curated list of resources for security Governance, Risk Management, Compliance and Audit professionals and enthusiasts (if they exist).",1017,2026-04-27T09:44:43Z,2026.0,https://github.com/Arudjreis/awesome-security-GRC,2021.0
279739042,Awesome-SOAR,correlatedsecurity,"A curated Cyber ""Security Orchestration, Automation and Response (SOAR)"" awesome list.",989,2026-04-27T17:42:20Z,2026.0,https://github.com/correlatedsecurity/Awesome-SOAR,2020.0
99937431,Awesome-Security-Gists,Hack-with-Github,"A collection of various GitHub gists for hackers, pentesters and security researchers",964,2026-04-21T20:51:52Z,2026.0,https://github.com/Hack-with-Github/Awesome-Security-Gists,2017.0
154854935,awesome-fuzzing,cpuu,A curated list of awesome Fuzzing(or Fuzz Testing) for software security,964,2026-04-27T05:26:48Z,2026.0,https://github.com/cpuu/awesome-fuzzing,2018.0
187921415,awesome-kubernetes-security,ksoclabs,A curated list of awesome Kubernetes security resources,962,2026-04-24T18:48:25Z,2026.0,https://github.com/ksoclabs/awesome-kubernetes-security,2019.0
163282423,awesome-python-security,guardrailsio,Awesome Python Security resources 🕶🐍🔐,959,2026-04-27T09:24:38Z,2026.0,https://github.com/guardrailsio/awesome-python-security,2018.0
653250172,awesome-ai-security,ottosulin,A collection of awesome resources related AI security,954,2026-04-28T09:15:17Z,2026.0,https://github.com/ottosulin/awesome-ai-security,2023.0
527082213,awesome-password-cracking,n0kovo,"A curated list of awesome tools, research, papers and other projects related to password cracking and password security.",927,2026-04-27T09:26:05Z,2026.0,https://github.com/n0kovo/awesome-password-cracking,2022.0
488823706,Awesome-Smart-Contract-Security,saeidshirazi,A curated list of Smart Contract Security materials and resources For Researchers,875,2026-04-20T00:23:04Z,2026.0,https://github.com/saeidshirazi/Awesome-Smart-Contract-Security,2022.0
446452352,awesome-llvm-security,gmh5225,awesome llvm security [Welcome to PR],826,2026-04-28T03:29:44Z,2026.0,https://github.com/gmh5225/awesome-llvm-security,2022.0
461237668,awesome-cicd-security,myugan,:books: A curated list of awesome CI CD security resources,808,2026-04-14T09:14:05Z,2026.0,https://github.com/myugan/awesome-cicd-security,2022.0
102538557,awesome-nginx-security,wallarm,🔥 A curated list of awesome links related to application security related to the environments with NGINX or Kubernetes Ingres Controller (based on NGINX),781,2026-04-26T15:07:19Z,2026.0,https://github.com/wallarm/awesome-nginx-security,2017.0
64573526,osx-security-awesome,kai5263499,A collection of OSX and iOS security resources,774,2026-04-18T00:11:42Z,2026.0,https://github.com/kai5263499/osx-security-awesome,2016.0
163877990,awesome-zero-trust,pomerium,A curated collection of awesome resources for the zero-trust security model.,770,2026-04-12T11:18:37Z,2026.0,https://github.com/pomerium/awesome-zero-trust,2019.0
172846033,awesome-go-security,Binject,A dedicated place for cool golang security projects,749,2026-04-26T14:53:04Z,2026.0,https://github.com/Binject/awesome-go-security,2019.0
281097698,awesome-docker-security,myugan,📚 A curated list of awesome Docker security resources,713,2026-04-16T14:47:36Z,2026.0,https://github.com/myugan/awesome-docker-security,2020.0
140675713,edu-resources,CSIRT-MU,An awesome list of cybersecurity educational resources,713,2026-04-27T11:39:07Z,2026.0,https://github.com/CSIRT-MU/edu-resources,2018.0
962882667,awesome-mcp-security,Puliczek,🔥🔒 Awesome MCP (Model Context Protocol) Security 🖥️,688,2026-04-27T03:02:32Z,2026.0,https://github.com/Puliczek/awesome-mcp-security,2025.0
945699463,Awesome-AI-Security,TalEliyahu,"Curated resources, research, and tools for securing AI systems",683,2026-04-27T11:55:34Z,2026.0,https://github.com/TalEliyahu/Awesome-AI-Security,2025.0
268486207,awesome-electronjs-hacking,doyensec,A curated list of awesome resources about Electron.js (in)security,672,2026-04-26T17:19:06Z,2026.0,https://github.com/doyensec/awesome-electronjs-hacking,2020.0
92693187,awesome-cloud-security,Funkmyster,"A curated list of awesome cloud security blogs, podcasts, standards, projects, and examples.",662,2026-04-26T02:23:47Z,2026.0,https://github.com/Funkmyster/awesome-cloud-security,2017.0
627216756,awesome-gpt-security,cckuailong,"A curated list of awesome security tools, experimental case or other interesting things with LLM or GPT.",655,2026-04-28T02:13:26Z,2026.0,https://github.com/cckuailong/awesome-gpt-security,2023.0
512979154,Cybersecurity-Books,zealraj,Here you will get awesome collection of mostly all well-known and usefull cybersecurity books from beginner level to expert for all cybersecurity positions,653,2026-04-25T10:19:41Z,2026.0,https://github.com/zealraj/Cybersecurity-Books,2022.0
122624714,awesome-opensource-security,CaledoniaProject,"A curated list of intriguing open-source security tools, with my reviews and insights.",649,2026-04-22T19:59:52Z,2026.0,https://github.com/CaledoniaProject/awesome-opensource-security,2018.0
479983698,awesome-ios-security,Cy-clon3,A curated list of awesome iOS application security resources.,649,2026-04-27T07:30:34Z,2026.0,https://github.com/Cy-clon3/awesome-ios-security,2022.0
248220616,Awesome-Application-Security-Checklist,MahdiMashrur,"Checklist of the most important security countermeasures when designing, creating, testing  your web/mobile application",646,2026-04-21T14:16:53Z,2026.0,https://github.com/MahdiMashrur/Awesome-Application-Security-Checklist,2020.0
165110213,awesome-serverless-security,puresec,"A curated list of awesome serverless security resources such as (e)books, articles, whitepapers, blogs and research papers.",634,2026-04-25T22:19:05Z,2026.0,https://github.com/puresec/awesome-serverless-security,2019.0
71283019,awesome-firmware-security,PreOS-Security,Awesome Firmware Security & Other Helpful Documents,616,2026-03-07T12:27:19Z,2026.0,https://github.com/PreOS-Security/awesome-firmware-security,2016.0
59441906,awesome-csirt,Spacial,Awesome CSIRT is an curated list of links and resources in security and CSIRT daily activities.,615,2026-04-28T07:55:31Z,2026.0,https://github.com/Spacial/awesome-csirt,2016.0
273961365,awesome-bluetooth-security,engn33r,List of Bluetooth BR/EDR/LE security resources,602,2026-04-23T07:15:07Z,2026.0,https://github.com/engn33r/awesome-bluetooth-security,2020.0
894911766,awesome-solana-security,0xMacro,A collection of resources to help you build better and more secure Solana programs. Kept up to date.,592,2026-04-25T14:32:39Z,2026.0,https://github.com/0xMacro/awesome-solana-security,2024.0
370439292,awesome-rust-security,osirislab,Curated list of awesome projects and resources related to Rust and computer security,583,2026-04-25T11:49:58Z,2026.0,https://github.com/osirislab/awesome-rust-security,2021.0
123809848,awesome-cybersecurity-internships,paralax,a list of cybersecurity internships,575,2026-04-10T13:14:00Z,2026.0,https://github.com/paralax/awesome-cybersecurity-internships,2018.0
259825257,awesome-rtc-hacking,EnableSecurity,"a list of awesome resources related to security and hacking of VoIP, WebRTC and VoLTE",532,2026-04-17T11:40:32Z,2026.0,https://github.com/EnableSecurity/awesome-rtc-hacking,2020.0
168680524,awesome-dotnet-security,guardrailsio,Awesome .NET Security Resources,526,2026-04-27T05:35:58Z,2026.0,https://github.com/guardrailsio/awesome-dotnet-security,2019.0
378968632,awesome-cyber-security,okhosting,A curated list of cyber security resources and tools.,506,2026-04-25T21:37:22Z,2026.0,https://github.com/okhosting/awesome-cyber-security,2021.0
624563938,awesome-llm-cybersecurity-tools,tenable,A curated list of large language model tools for cybersecurity research.,486,2026-04-19T23:12:52Z,2026.0,https://github.com/tenable/awesome-llm-cybersecurity-tools,2023.0
156288554,awesome-ruby-security,pxlpnk,Awesome Ruby Security resources,474,2026-03-02T09:54:29Z,2026.0,https://github.com/pxlpnk/awesome-ruby-security,2018.0
421107344,awesome-android-security,NetKingJ,A Collection of Android (Samsung) Security Research References,467,2026-04-24T01:42:29Z,2026.0,https://github.com/NetKingJ/awesome-android-security,2021.0
314596006,awesome-azure-security,kmcquade,"A curated list of awesome Microsoft Azure Security tools, guides, blogs, and other resources.",464,2026-04-22T14:06:49Z,2026.0,https://github.com/kmcquade/awesome-azure-security,2020.0
988698008,awesome-cybersecurity-agentic-ai,raphabot,,405,2026-04-28T02:31:05Z,2026.0,https://github.com/raphabot/awesome-cybersecurity-agentic-ai,2025.0
71009117,awesome-ocap,dckc,Awesome Object Capabilities and Capability Security,400,2026-04-22T06:51:52Z,2026.0,https://github.com/dckc/awesome-ocap,2016.0
499765079,awesome-graphql-security,Escape-Technologies,"A curated list of awesome GraphQL Security frameworks, libraries, software and resources",390,2026-04-20T14:23:56Z,2026.0,https://github.com/Escape-Technologies/awesome-graphql-security,2022.0
275349803,Awesome-Security-Tool-List,tina1998612,This is a list of security tools that I have used or recommend. Welcome any contributions!,388,2026-04-16T07:38:45Z,2026.0,https://github.com/tina1998612/Awesome-Security-Tool-List,2020.0
1033947074,awesome-n8n-workflows,felipfr,"A curated collection of awesome n8n workflows for automation, integration, and productivity. Explore ready-to-use JSON workflows for analytics, communication, CRM, e-commerce, finance, HR, marketing, monitoring, security, and more.",387,2026-04-26T12:34:05Z,2026.0,https://github.com/felipfr/awesome-n8n-workflows,2025.0
98198451,HackingTools-2,ByteHackr,"A collection of awesome lists for hackers, pentesters & security researchers.",361,2026-04-26T17:29:12Z,2026.0,https://github.com/ByteHackr/HackingTools-2,2017.0
461401576,awesome-software-supply-chain-security,bureado,"A compilation of resources in the software supply chain security domain, with emphasis on open source",356,2026-04-27T12:47:11Z,2026.0,https://github.com/bureado/awesome-software-supply-chain-security,2022.0
350707695,awesome-cloud-native-security,Metarget,awesome resources about cloud native security 🐿,327,2026-04-08T16:05:26Z,2026.0,https://github.com/Metarget/awesome-cloud-native-security,2021.0
157068472,awesome-windows-security,chryzsh,List of Awesome Windows Security Resources,317,2026-04-24T01:04:43Z,2026.0,https://github.com/chryzsh/awesome-windows-security,2018.0
165595507,awesome-java-security,guardrailsio,Awesome Java Security Resources 🕶☕🔐,317,2026-04-16T12:50:00Z,2026.0,https://github.com/guardrailsio/awesome-java-security,2019.0
99693708,Awesome-DevSecOps-Platforms,We5ter,"A curated list of awesome security platforms,including CTF/Security Response Center/Bug Tracker and so on.",315,2026-04-07T10:48:01Z,2026.0,https://github.com/We5ter/Awesome-DevSecOps-Platforms,2017.0
799755332,Awesome-LLM4Security,liu673,This project aims to consolidate and share high-quality resources and tools across the cybersecurity domain.,313,2026-04-24T00:10:50Z,2026.0,https://github.com/liu673/Awesome-LLM4Security,2024.0
426813751,awesome-websocket-security,PalindromeLabs,Awesome information for WebSockets security research,305,2026-04-15T18:54:13Z,2026.0,https://github.com/PalindromeLabs/awesome-websocket-security,2021.0
574964039,awesome-IoT-security-article,H4lo,"Collect some iot-related security articles, including vulnerability analysis, security conferences and papers, etc.",304,2026-04-26T14:28:01Z,2026.0,https://github.com/H4lo/awesome-IoT-security-article,2022.0
687014529,Awesome-Search-Engines-for-Cybersecurity-Researchers,onhexgroup,Awesome list of Search Engines for Cybersecurity Researchers,301,2026-04-28T12:31:58Z,2026.0,https://github.com/onhexgroup/Awesome-Search-Engines-for-Cybersecurity-Researchers,2023.0
231304016,awesome-security-collection,alphaSeclab,1000+ Github Security Resource Collection Repos.,293,2026-04-25T13:22:15Z,2026.0,https://github.com/alphaSeclab/awesome-security-collection,2020.0
875221462,not-awesome-web3-security-roadmap,tpiliposian,Not so awesome Web3 Security Reasearcher roadmap by tpiliposian,292,2026-04-16T05:09:39Z,2026.0,https://github.com/tpiliposian/not-awesome-web3-security-roadmap,2024.0
557778433,awesome-cybersecurity-conferences,TalEliyahu,Discover and watch the latest cybersecurity conference talks. A curated archive of public security conference content.,282,2026-04-12T02:11:40Z,2026.0,https://github.com/TalEliyahu/awesome-cybersecurity-conferences,2022.0
70395127,Spring-Boot-starter,savicprvoslav,"Spring boot project with preconfigured JPA, spring security, profiles, swagger and other.. to help you kick start your awesome project",263,2026-04-16T09:11:33Z,2026.0,https://github.com/savicprvoslav/Spring-Boot-starter,2016.0
135595179,Awesome-Cyber-Security-List,emtuls,,261,2026-03-13T14:10:19Z,2026.0,https://github.com/emtuls/Awesome-Cyber-Security-List,2018.0
158816937,awesome-mythx-smart-contract-security-tools,muellerberndt,A curated list of resources and tools for the MythX smart contract security API,254,2026-02-18T15:58:35Z,2026.0,https://github.com/muellerberndt/awesome-mythx-smart-contract-security-tools,2018.0
408312797,Awesome-AI-for-cybersecurity,Billy1900,"Awesome list of AI for cybersecurity including network (network traffic analysis and intrusion detection), endpoint (anti-malware), application (WAF or database firewalls), user (UBA), process behavior (anti-fraud).",250,2026-04-24T00:28:02Z,2026.0,https://github.com/Billy1900/Awesome-AI-for-cybersecurity,2021.0
106852574,awesome-container-security,kai5263499,Awesome list of resources related to container security,247,2026-04-27T14:02:46Z,2026.0,https://github.com/kai5263499/awesome-container-security,2017.0
434978636,cybersecurity,paulveillard,"Welcome Cybersecurity's World. An ongoing & curated collection of awesome software best practices and techniques, libraries and frameworks, E-books and videos, websites, blog posts, links to github Repositories, technical guidelines and important resources in Cybersecurity.",231,2026-04-19T05:19:38Z,2026.0,https://github.com/paulveillard/cybersecurity,2021.0
188238132,awesome-django-security,vintasoftware,A collection of Django security-related tools and libs.,219,2026-04-23T14:25:45Z,2026.0,https://github.com/vintasoftware/awesome-django-security,2019.0
611109201,awesome-uefi-security,river-li,👓A collection of papers/tools/exploits for UEFI security.,219,2026-04-21T18:38:10Z,2026.0,https://github.com/river-li/awesome-uefi-security,2023.0
340143940,awesome-sec-challenges,mikeprivette,A curated list of Awesome Security Challenges.,211,2026-01-05T23:44:58Z,2026.0,https://github.com/mikeprivette/awesome-sec-challenges,2021.0
876754406,awesome-lolbins-and-beyond,sheimo,"A curated list of awesome LOLBins, GTFO projects, and similar 'Living Off the Land' security resources.",211,2026-03-09T10:35:14Z,2026.0,https://github.com/sheimo/awesome-lolbins-and-beyond,2024.0
202413458,awesome-security-audits,pomerium,A collection of public security audits.,208,2025-12-25T10:34:42Z,2025.0,https://github.com/pomerium/awesome-security-audits,2019.0
467806714,Awesome-Taiwan-Security-Course,fei3363,Collect the list of information security courses of universities and communities in Taiwan,205,2026-03-31T14:41:09Z,2026.0,https://github.com/fei3363/Awesome-Taiwan-Security-Course,2022.0
496674263,Awesome-Web3-security,ManasHarsh,A curated list of resources for learning web3 hacking/Security,202,2026-02-22T00:01:06Z,2026.0,https://github.com/ManasHarsh/Awesome-Web3-security,2022.0
126961867,awesome-cryptocurrency-security,nongiach,😎 Curated list about cryptocurrency security (reverse / exploit / fuzz..),199,2026-01-29T16:35:16Z,2026.0,https://github.com/nongiach/awesome-cryptocurrency-security,2018.0
1112154391,awesome-claude-skills-security,Eyadkelleh,"Security testing toolkit for Claude Code: curated SecLists wordlists, injection payloads, and expert agents for authorized pentesting, CTFs, and bug bounties",197,2026-04-28T03:01:27Z,2026.0,https://github.com/Eyadkelleh/awesome-claude-skills-security,2025.0
424978034,awesome-evm-security,kareniel,🕶 A high-level overview of the EVM security ecosystem,195,2026-04-25T10:56:36Z,2026.0,https://github.com/kareniel/awesome-evm-security,2021.0
374067908,awesome-cybersec,dhotrey,"A collection of awesome platforms, blogs, documents, books, resources and cool stuff about security",191,2026-04-09T03:06:16Z,2026.0,https://github.com/dhotrey/awesome-cybersec,2021.0
515772887,awesome-oss-devsec,boxyhq,An awesome list of OSS developer-first security tools,187,2026-01-12T05:43:45Z,2026.0,https://github.com/boxyhq/awesome-oss-devsec,2022.0
669823601,Awesome-AI-Security-BIG4,Zhou-Zi7,This Github repository summarizes a list of research papers on AI security from the four top academic conferences.,183,2026-04-27T19:22:05Z,2026.0,https://github.com/Zhou-Zi7/Awesome-AI-Security-BIG4,2023.0
160209699,Awesome-Deception,tolgadevsec,An awesome list of resources on deception-based security with honeypots and honeytokens,181,2026-04-06T18:58:41Z,2026.0,https://github.com/tolgadevsec/Awesome-Deception,2018.0
125340258,awesome-windows-security-development,howknows,awesome-windows-security-development,179,2026-03-06T08:53:21Z,2026.0,https://github.com/howknows/awesome-windows-security-development,2018.0
516438069,fucking-Awesome-Hacking,Correia-jpv,"A collection of various awesome lists for hackers, pentesters and security researchers. With repository stars⭐ and forks🍴",176,2026-04-28T06:57:32Z,2026.0,https://github.com/Correia-jpv/fucking-Awesome-Hacking,2022.0
66666315,awesome-wifi-security,edelahozuah,"A collection of awesome resources related to 802.11 security, tools and other things",171,2026-04-27T15:44:43Z,2026.0,https://github.com/edelahozuah/awesome-wifi-security,2016.0
95902431,awesome-security-trivia,qazbnm456,🤙  Security Trivia that rare people know.,166,2026-03-30T04:32:21Z,2026.0,https://github.com/qazbnm456/awesome-security-trivia,2017.0
636781211,awesome-ml-security,trailofbits,,166,2026-04-27T02:48:50Z,2026.0,https://github.com/trailofbits/awesome-ml-security,2023.0
254332768,awesome-security-card-games,Karneades,A curated list of security card games.,165,2026-04-15T15:48:33Z,2026.0,https://github.com/Karneades/awesome-security-card-games,2020.0
88304995,awesome-cybersecurity,Annsec,Curated list of awesome cybersecurity companies and solutions.,160,2026-02-26T02:29:51Z,2026.0,https://github.com/Annsec/awesome-cybersecurity,2017.0
42373282,sec-paper,secdr,awesome security paper,157,2026-04-17T16:09:40Z,2026.0,https://github.com/secdr/sec-paper,2015.0
514622470,awesome-browser-security,cezary-sec,A curated list of awesome browser security learning material.,152,2026-03-29T09:34:27Z,2026.0,https://github.com/cezary-sec/awesome-browser-security,2022.0
333629172,awesome-cloud-sec,RyanJarv,Awesome list for cloud security related projects,152,2026-04-28T05:25:39Z,2026.0,https://github.com/RyanJarv/awesome-cloud-sec,2021.0
502038595,awesome-containerized-security,koslib,A collection of tools to improve your containerized apps security posture,151,2026-03-28T10:56:32Z,2026.0,https://github.com/koslib/awesome-containerized-security,2022.0
312085113,awesome-security-feed,mrtouch93,A semi-curated list of Security Feeds,149,2026-04-27T15:54:26Z,2026.0,https://github.com/mrtouch93/awesome-security-feed,2020.0
669848561,awesome-free-cybersecurity,her0marodeur,A curated list of free cybersecurity learning resources.,144,2026-04-13T19:26:37Z,2026.0,https://github.com/her0marodeur/awesome-free-cybersecurity,2023.0
359209174,Awesome-Cloud-Security,NextSecurity,Awesome curate list of cyber security penetration testing tools for Cloud Security mainly AWS/Azure/Google,128,2026-03-29T21:00:54Z,2026.0,https://github.com/NextSecurity/Awesome-Cloud-Security,2021.0
831637664,awesome-ai-cybersecurity,ElNiak,"Welcome to the ultimate list of resources for AI in cybersecurity. This repository aims to provide an organized collection of high-quality resources to help professionals, researchers, and enthusiasts stay updated and advance their knowledge in the field.",127,2026-04-27T23:23:37Z,2026.0,https://github.com/ElNiak/awesome-ai-cybersecurity,2024.0
975364658,Awesome-AI-For-Security,AmanPriyanshu,"A curated list of tools, papers, and datasets for applying AI to cybersecurity tasks. This list primarily focuses on modern AI technologies like Large Language Models (LLMs), Agents, and Multi-Modal systems and their applications in security operations.",124,2026-04-27T02:55:53Z,2026.0,https://github.com/AmanPriyanshu/Awesome-AI-For-Security,2025.0
836319403,Awesome-ZKP-Security,StefanosChaliasos,A curated list of awesome security resources for ZK.,121,2026-04-27T08:09:23Z,2026.0,https://github.com/StefanosChaliasos/Awesome-ZKP-Security,2024.0
443148628,cybersecurity-SOAR,paulveillard,"A collection of awesome framework, libraries, learning tutorials, videos, webcasts, technical resources and cool stuff about Security Orchestration, Automation and Response (SOAR).",119,2026-04-15T10:18:16Z,2026.0,https://github.com/paulveillard/cybersecurity-SOAR,2021.0
1131605007,awesome-deception,tracebit-com,"An awesome collection of articles, papers, conferences, guides, and tools relating to deception in cybersecurity.",117,2026-04-26T14:46:18Z,2026.0,https://github.com/tracebit-com/awesome-deception,2026.0
205434195,awesome-korea-security-paper,codeengn,Introduces the Republic of Korea's security documents recommended by CodeEngn.,112,2026-03-06T14:32:19Z,2026.0,https://github.com/codeengn/awesome-korea-security-paper,2019.0
54846691,awesome-security-checklist,mostafahussein,"If you're launching a new application and have security in mind, this is a good starting point",108,2025-07-16T23:18:46Z,2025.0,https://github.com/mostafahussein/awesome-security-checklist,2016.0
1194389960,awesome-terraform-compliance,antonbabenko,"Awesome Terraform Compliance - tools, frameworks, and resources for implementing compliance, security, and governance controls in Terraform and OpenTofu infrastructure.",108,2026-04-28T06:51:46Z,2026.0,https://github.com/antonbabenko/awesome-terraform-compliance,2026.0
332919956,awesome-security,mbcrump,A collection of awesome ethical hacking and security related content!,104,2026-02-07T19:52:42Z,2026.0,https://github.com/mbcrump/awesome-security,2021.0
1122688762,awesome-ai-security,muellerberndt,An AI security awesome list / learning journey,102,2026-03-15T23:26:11Z,2026.0,https://github.com/muellerberndt/awesome-ai-security,2025.0
561701588,awesome-network-security,SubediBibek-cmd,This is a repository for network security tools and technologies.,101,2025-12-12T11:11:11Z,2025.0,https://github.com/SubediBibek-cmd/awesome-network-security,2022.0
885692424,awesome-llm-supply-chain-security,ShenaoW,"A curated list of awesome resources about LLM supply chain security (including papers, security reports and CVEs)",101,2026-04-27T07:59:49Z,2026.0,https://github.com/ShenaoW/awesome-llm-supply-chain-security,2024.0
442910913,cybersecurity-red-team,paulveillard,"An ongoing & curated collection of awesome software best practices and techniques, libraries and frameworks, E-books and videos, websites, blog posts, links to github Repositories, technical guidelines and important resources about Red Team (Offensive) in Cybersecurity.",101,2026-04-25T16:16:28Z,2026.0,https://github.com/paulveillard/cybersecurity-red-team,2021.0
527235575,security-engineer-interview-collection,exajobs,"FAANG (MANGA) Security Engineer Interview Collection. An ongoing & curated collection of awesome software, frameworks and libraries, learning tutorials and videos, technical guidelines and best practices, and cheatsheets in the world of Security Engineering Career.",98,2026-04-23T22:05:33Z,2026.0,https://github.com/exajobs/security-engineer-interview-collection,2022.0
320744125,Awesome-Security-Resources,Johnson90512,"This repository is for tools, guides, cheatsheets, and anything else related to learning all different aspects of security.",95,2026-03-02T18:44:30Z,2026.0,https://github.com/Johnson90512/Awesome-Security-Resources,2020.0
919528705,awesome-business-of-cybersecurity,TalEliyahu,"Explore cybersecurity’s market dynamics through public companies, capital flows, acquisitions, and product segments.",93,2026-03-28T16:43:47Z,2026.0,https://github.com/TalEliyahu/awesome-business-of-cybersecurity,2025.0
435136451,cybersecurity-penetration-testing,paulveillard,"An ongoing & curated collection of awesome software best practices and techniques, libraries and frameworks, E-books and videos, websites, blog posts, links to github Repositories, technical guidelines and important resources about Penetration Testing in Cybersecurity.",92,2026-04-22T22:51:12Z,2026.0,https://github.com/paulveillard/cybersecurity-penetration-testing,2021.0
960531692,awesome-cyber-security-mcp,MorDavid,,87,2026-04-10T19:56:44Z,2026.0,https://github.com/MorDavid/awesome-cyber-security-mcp,2025.0
882266551,awesome-web3sec-blogs-and-podcasts,tpiliposian,List of awesome blogs and podcasts about web3 security and more,87,2026-04-13T17:34:03Z,2026.0,https://github.com/tpiliposian/awesome-web3sec-blogs-and-podcasts,2024.0
683105575,Prompting-Framework-Survey,lxx0628,A curated list of awesome publications and researchers on prompting framework updated and maintained by The Intelligent System Security (IS2).,86,2026-04-16T14:39:09Z,2026.0,https://github.com/lxx0628/Prompting-Framework-Survey,2023.0
800612538,awesome-security-for-ai,zmre,Awesome products for securing AI systems includes open source and commercial options and an infographic licensed CC-BY-SA-4.0.,85,2026-04-26T08:49:34Z,2026.0,https://github.com/zmre/awesome-security-for-ai,2024.0
477904704,awesome-android-security,Swordfish-Security,,84,2026-04-05T06:27:53Z,2026.0,https://github.com/Swordfish-Security/awesome-android-security,2022.0
40633489,Windows-10-batch-optimizer,SeregaSPb,"Autotuner Windows 10 for awesome perfomance setting, privacy and security.",83,2026-01-16T09:05:14Z,2026.0,https://github.com/SeregaSPb/Windows-10-batch-optimizer,2015.0
934649616,Awesome-LRM-Safety,wonderNefelibata,"Awesome Large Reasoning Model(LRM) Safety.This repository is used to collect security-related research on large reasoning models such as DeepSeek-R1 and OpenAI o1, which are currently very popular.",82,2026-04-28T05:41:38Z,2026.0,https://github.com/wonderNefelibata/Awesome-LRM-Safety,2025.0
827376242,awesome-cybersecurity-learning-resources,jassics,"Learning resources for cybersecurity including youtube, github, books, videos, courses, labs, articles etc. at one place",82,2026-04-27T07:22:22Z,2026.0,https://github.com/jassics/awesome-cybersecurity-learning-resources,2024.0
683701645,awesome-starknet-security,amanusk,"A curated list of awesome Starknet Security Resources. Tools, audits, CTFs and more.",81,2026-02-24T02:51:03Z,2026.0,https://github.com/amanusk/awesome-starknet-security,2023.0
662860180,Awesome-Autonomous-Driving-Security,ideasplus,An awesome & curated list of autonomous driving security papers,81,2026-04-28T06:13:41Z,2026.0,https://github.com/ideasplus/Awesome-Autonomous-Driving-Security,2023.0
347523018,awesome-blockchain-security,chainflag,A curated list of awesome things related to Blockchain security,80,2026-02-17T01:58:31Z,2026.0,https://github.com/chainflag/awesome-blockchain-security,2021.0
501279950,Awesome-Blockchain-Security,bunturx,,80,2026-04-06T04:28:18Z,2026.0,https://github.com/bunturx/Awesome-Blockchain-Security,2022.0
633287557,awesome-space-security,Peco602,A curated list of awesome resources about the security of space systems.,78,2026-04-24T03:18:34Z,2026.0,https://github.com/Peco602/awesome-space-security,2023.0
443415156,cybersecurity-interview-questions,paulveillard,"A collection of awesome framework, libraries, learning tutorials, videos, webcasts, technical resources and cool stuff about Interview for Security & Computer Engineering.",78,2026-04-21T03:53:56Z,2026.0,https://github.com/paulveillard/cybersecurity-interview-questions,2021.0
94055323,awesome-web-security,WangYihang,:notebook: Some notes and impressive articles of Web Security,76,2025-09-27T04:47:37Z,2025.0,https://github.com/WangYihang/awesome-web-security,2017.0
737781457,awesome-cosmos-security,deliriusz,"A curated list of Cosmos ecosystem links, focusing on the security aspect of it",75,2026-03-10T01:58:37Z,2026.0,https://github.com/deliriusz/awesome-cosmos-security,2024.0
632264220,Awesome-Foundation-Model-Security,byerose,A curated list of trustworthy Generative AI papers. Daily updating...,75,2026-04-07T10:36:39Z,2026.0,https://github.com/byerose/Awesome-Foundation-Model-Security,2023.0
443161300,cybersecurity-architecture,paulveillard,"An ongoing & curated collection of awesome software best practices and techniques, libraries and frameworks, E-books and videos, websites, blog posts, links to github Repositories, technical guidelines and important resources about Software  & Systems Architecture in Cybersecurity",74,2026-04-15T01:11:14Z,2026.0,https://github.com/paulveillard/cybersecurity-architecture,2021.0
87648335,awesome-application-security,shmilylty,awesome application security chinese version,73,2025-08-24T22:48:56Z,2025.0,https://github.com/shmilylty/awesome-application-security,2017.0
215488473,awesome-frontend-security,rustcohlnikov,"☔️A curated list of tools, articles & resources to help take your frontend security to the next level. Feel free to contribute!",73,2025-12-22T03:43:31Z,2025.0,https://github.com/rustcohlnikov/awesome-frontend-security,2019.0
478600500,awesome-apple-security,BlackSquirrelz,"Curated list of tools, techniques and resources related to Apple Security (macOS, iOS, iPadOS, tvOS, watchOS) aimed to help people with an interest in Apple related security topics to get a hold in this field, and for professionals to discover / explore other resources.",73,2026-04-12T15:32:05Z,2026.0,https://github.com/BlackSquirrelz/awesome-apple-security,2022.0
462226367,awesome-cybersecurity,secnotes,A collection of awesome github repositories about security,73,2026-04-28T12:30:59Z,2026.0,https://github.com/secnotes/awesome-cybersecurity,2022.0
533195439,awesome-solana-security,az0mb13,A curated list of awesome Solana security resources,72,2026-04-23T17:27:13Z,2026.0,https://github.com/az0mb13/awesome-solana-security,2022.0
565606198,awesome-iot-security-resource,f1tao,awesome iot exploit resource,72,2026-04-13T17:56:14Z,2026.0,https://github.com/f1tao/awesome-iot-security-resource,2022.0
80841329,awesome-xmpp,systemli,"A curated list of amazingly awesome XMPP server, clients, libraries, resources - with focus on security.",72,2026-03-03T17:03:40Z,2026.0,https://github.com/systemli/awesome-xmpp,2017.0
165158232,Awesome-ML-Cybersecurity,opensci-hub,Machine Learning For Cybersecurity.,71,2026-03-19T16:27:09Z,2026.0,https://github.com/opensci-hub/Awesome-ML-Cybersecurity,2019.0
38615509,protect-your-privacy,vlvagerviwager,"Privacy resources for the layperson. Highlights resources, tools, VPNs, search engines, articles, books, and dark patterns.",69,2026-04-27T10:39:31Z,2026.0,https://github.com/vlvagerviwager/protect-your-privacy,2015.0
435709574,cybersecurity-devsecops,paulveillard,"An ongoing & curated collection of awesome software best practices and techniques, libraries and frameworks, E-books and videos, websites, blog posts, links to github Repositories, technical guidelines and important resources about DevSecOps in Cybersecurity.",69,2026-04-02T03:50:38Z,2026.0,https://github.com/paulveillard/cybersecurity-devsecops,2021.0
1120222723,awesome-move-security,Monethic,Resources to stay up to date with Move language security.,68,2026-03-18T21:21:40Z,2026.0,https://github.com/Monethic/awesome-move-security,2025.0
443213982,cybersecurity-macOS,paulveillard,"A collection of awesome framework, libraries, learning tutorials, videos, webcasts, technical resources and cool stuff about macOS Security.",65,2026-04-20T18:27:58Z,2026.0,https://github.com/paulveillard/cybersecurity-macOS,2021.0
180227716,awesome-rails-security,0xedward,A curated list of security resources for a Ruby on Rails application,62,2025-12-11T10:24:51Z,2025.0,https://github.com/0xedward/awesome-rails-security,2019.0
637309423,awesome-api-security-essentials,JBAhire,Awesome API Security: A Curated Collection of Resources for Bulletproof API Protection!,62,2026-04-22T05:28:02Z,2026.0,https://github.com/JBAhire/awesome-api-security-essentials,2023.0
443410281,cybersecurity-incident-response,paulveillard,"A collection of awesome tools, software, libraries, learning tutorials & videos, frameworks, best practices and technical resources about Incident Response & Management in Cybersecurity",62,2026-03-03T12:31:00Z,2026.0,https://github.com/paulveillard/cybersecurity-incident-response,2021.0
672284916,Hacking-Repos,AlphaCorpIN,"A collection of awesome GitHub repositories for hackers, pentesters & security researchers. ADDING MORE REPOs SOON.",61,2026-04-22T16:14:52Z,2026.0,https://github.com/AlphaCorpIN/Hacking-Repos,2023.0
437423190,cybersecurity-infosec,paulveillard,"An ongoing & curated collection of awesome software best practices and techniques, libraries and frameworks, E-books and videos, websites, blog posts, links to github Repositories, technical guidelines and important resources about Information Security in Cybersecurity.",61,2026-04-24T09:17:37Z,2026.0,https://github.com/paulveillard/cybersecurity-infosec,2021.0
474125184,cybersecurity-build-your-own-x,paulveillard,"An ongoing & curated collection of awesome software best practices and techniques, libraries and frameworks, E-books and videos, websites, blog posts, links to github Repositories, technical guidelines and important resources about building your own x in security.",60,2026-04-15T15:34:21Z,2026.0,https://github.com/paulveillard/cybersecurity-build-your-own-x,2022.0
803814484,awesome-email-security,0xAnalyst,A curated list of awesome resources related to enhancing your enterprise Email Security,59,2026-03-10T19:09:03Z,2026.0,https://github.com/0xAnalyst/awesome-email-security,2024.0
194493514,awesome-gateway-security,DarrenJiang1990,,58,2025-02-17T22:57:18Z,2025.0,https://github.com/DarrenJiang1990/awesome-gateway-security,2019.0
1186742378,awesome-ai-web3-security,marchev,"A curated, verified list of AI-powered tools for smart contract and blockchain security",58,2026-04-28T07:43:02Z,2026.0,https://github.com/marchev/awesome-ai-web3-security,2026.0
809960077,awesome-frontend-security,arcjet,"Awesome frontend security guides, cheat sheets, libraries, tools, courses, and other resources.",58,2026-03-23T05:38:23Z,2026.0,https://github.com/arcjet/awesome-frontend-security,2024.0
994883372,awesome-wallet-security,ValkyriSecurity,Resources to learn Wallet Security,57,2026-02-22T00:04:43Z,2026.0,https://github.com/ValkyriSecurity/awesome-wallet-security,2025.0
226232300,awesome-controls,trevorbryant,A collection of awesome security controls mapping for solutions across frameworks.,57,2026-01-04T22:58:56Z,2026.0,https://github.com/trevorbryant/awesome-controls,2019.0
575158439,awesome-brazilian-youtubers,rcarubbi,"▶️ An awesome list of awesome Brazilian YouTubers that teach about technology. Tutorials about web development, computer science, machine learning, game development, cybersecurity, and more.",57,2026-04-14T00:19:05Z,2026.0,https://github.com/rcarubbi/awesome-brazilian-youtubers,2022.0
477904783,awesome-ios-security,Swordfish-Security,,56,2026-04-14T06:13:32Z,2026.0,https://github.com/Swordfish-Security/awesome-ios-security,2022.0
460906824,awesome-software-supply-chain-security,meta-fun,Sharing software supply chain security open source projects,54,2026-04-03T05:03:29Z,2026.0,https://github.com/meta-fun/awesome-software-supply-chain-security,2022.0
619396962,awesome-data-security-cn,tuhaolam,awesome data security methodology and practice,53,2026-04-02T03:33:08Z,2026.0,https://github.com/tuhaolam/awesome-data-security-cn,2023.0
442923092,cybersecurity-blue-team,paulveillard,"A collection of awesome software, libraries, learning tutorials, documents and books, technical resources and cool stuff about Blue Team in Cybersecurity.",53,2026-04-25T22:09:44Z,2026.0,https://github.com/paulveillard/cybersecurity-blue-team,2021.0
898217030,Awesome-WS-Security,Intelligent-Perception-Lab,"A curated list of wireless sensing security works, organized by signal roles: Victims, Weapons, and Shields",52,2026-04-05T21:05:49Z,2026.0,https://github.com/Intelligent-Perception-Lab/Awesome-WS-Security,2024.0
697812994,Cybersecurity-Books,pbscybsec,Here you will get awesome collection of mostly all well-known and usefull cybersecurity books from beginner level to expert for all cybersecurity positions.,52,2026-04-07T03:07:36Z,2026.0,https://github.com/pbscybsec/Cybersecurity-Books,2023.0
362643143,kubernetes-security-checklist,krol3,Awesome resources about Security in Kubernetes,49,2026-04-22T09:45:45Z,2026.0,https://github.com/krol3/kubernetes-security-checklist,2021.0
919481184,Awesome-LLM-agent-Security,wearetyomsmnv,"All about llm-agents security,attack,vulnerabilities and how to do them for cybersecurity.",49,2026-04-27T04:43:09Z,2026.0,https://github.com/wearetyomsmnv/Awesome-LLM-agent-Security,2025.0
962612326,awesome-mcp-security,AIM-Intelligence,"Security Threats related with MCP (Model Context Protocol), MCP Servers and more",48,2026-04-28T12:04:01Z,2026.0,https://github.com/AIM-Intelligence/awesome-mcp-security,2025.0
498231052,Awesome-Security-Repos,njmulsqb,Here's a list of cyber security related github repos and tools that I believe are awesome and should be promoted and used.,46,2026-04-24T05:45:14Z,2026.0,https://github.com/njmulsqb/Awesome-Security-Repos,2022.0
516810275,awesome-embedded-security,hexsecs,Awesome list for embedded security tools and knowledge,46,2026-04-22T20:44:30Z,2026.0,https://github.com/hexsecs/awesome-embedded-security,2022.0
64964629,awesome-opsec,RichardLitt,Awesome Operational Security resources,46,2026-04-06T09:47:40Z,2026.0,https://github.com/RichardLitt/awesome-opsec,2016.0
366344714,awesome-solidity-security,0xisk,The purpose of this repo is to list all the related Research Papers focused on Smart-contracts security topics. As well as listing all the encountered smart-contracts defects with a summary description.  🛡️,45,2026-01-20T03:28:05Z,2026.0,https://github.com/0xisk/awesome-solidity-security,2021.0
584661327,Awesome-Autonomous-Driving-Security-Resources,Allenpandas,"🚗 A  repository for documenting and exploring the world of autonomous driving safety, featuring a curated collection of research papers, reports, and resource.",45,2026-01-16T06:53:39Z,2026.0,https://github.com/Allenpandas/Awesome-Autonomous-Driving-Security-Resources,2023.0
640528300,TERMUX-HACKING-,pakistanihackergroup,list of the best Termux hacking tools  android osint penetration-testing awesome-list wifi-security hacking-tools termux-hacking,45,2026-04-15T03:14:56Z,2026.0,https://github.com/pakistanihackergroup/TERMUX-HACKING-,2023.0
699956350,awesome-security-automation,theodo-group,Awesome links to automate your cybersecurity checks,44,2026-04-24T00:47:06Z,2026.0,https://github.com/theodo-group/awesome-security-automation,2023.0
492206472,cybersecurity-bug-bounty,paulveillard,"An ongoing & curated collection of awesome software best practices and techniques, libraries and frameworks, E-books and videos, websites, blog posts, links to github Repositories, technical guidelines and important resources about Bug Bounty in Cybersecurity.",44,2026-04-10T04:50:22Z,2026.0,https://github.com/paulveillard/cybersecurity-bug-bounty,2022.0
1177418129,Awesome-AI-Security-Skills,EvanThomasLuke,A list of AI security skills,43,2026-04-21T01:36:17Z,2026.0,https://github.com/EvanThomasLuke/Awesome-AI-Security-Skills,2026.0
362057616,awesome-iOS-security-tools,0xdad0,A collection of iOS tools designed for security purposes.,43,2026-03-12T17:32:47Z,2026.0,https://github.com/0xdad0/awesome-iOS-security-tools,2021.0
830452092,awesome-ton-security,Polaristow,A curated list of awesome ton security resources,42,2026-03-17T14:33:33Z,2026.0,https://github.com/Polaristow/awesome-ton-security,2024.0
280941760,awesome-security-articles,irgoncalves,This repository contains links to awesome security articles.,42,2026-04-25T16:27:32Z,2026.0,https://github.com/irgoncalves/awesome-security-articles,2020.0
86492942,awesome-tls-security,edelahozuah,"A collection of (not-so, yet) awesome resources related to TLS, PKI and related stuff",42,2026-04-21T19:05:51Z,2026.0,https://github.com/edelahozuah/awesome-tls-security,2017.0
663421968,awesome-web3-ai-security,JoranHonig,,41,2026-02-25T04:41:25Z,2026.0,https://github.com/JoranHonig/awesome-web3-ai-security,2023.0
1104769162,Awesome-Agentic-Security,kagnlp,"A curated list of 150+ papers and resources on Agentic Security. Based on the survey covering the transition from passive LLMs to autonomous agents, structured around three pillars: Applications (Red/Blue Teaming), Threats (Injection, Poisoning), and Defenses (Guardrails, Verification).",41,2026-04-25T12:27:09Z,2026.0,https://github.com/kagnlp/Awesome-Agentic-Security,2025.0
460602352,cybersecurity-application-security,paulveillard,"An ongoing & curated collection of awesome software practices and remediation, libraries and frameworks,payloads and techniques, best guidelines and technical resources about Application Security",41,2026-04-07T18:29:02Z,2026.0,https://github.com/paulveillard/cybersecurity-application-security,2022.0
311140119,awesome-cybersecurity-news,ForbiddenProgrammer,List of sources for cybersecurity news,41,2026-01-12T15:56:28Z,2026.0,https://github.com/ForbiddenProgrammer/awesome-cybersecurity-news,2020.0
521207703,fucking-android-security-awesome,Correia-jpv,A collection of android security related resources. With repository stars⭐ and forks🍴,40,2026-04-28T08:02:41Z,2026.0,https://github.com/Correia-jpv/fucking-android-security-awesome,2022.0
1165096078,awesome-agent-runtime-security,bureado,Learning something new about runtime security for agents,39,2026-04-25T08:09:56Z,2026.0,https://github.com/bureado/awesome-agent-runtime-security,2026.0
1002021199,Awesome-Agent-Security,ucsb-mlsec,,37,2026-04-28T08:25:36Z,2026.0,https://github.com/ucsb-mlsec/Awesome-Agent-Security,2025.0
778736706,awesome-zero-knowledge-proofs-security,timimm,,37,2026-03-03T04:55:01Z,2026.0,https://github.com/timimm/awesome-zero-knowledge-proofs-security,2024.0
452522647,cybersecurity-security-harderning,paulveillard,"A collection of awesome security hardening software, libraries, learning tutorials & documents, e-books, best practices, checklists, benchmarks about hardening in Cybersecurity",37,2025-10-03T04:10:28Z,2025.0,https://github.com/paulveillard/cybersecurity-security-harderning,2022.0
719992975,awesome-fedora-security,wandapeter,"Awesome Fedora Security: A curated collection of projects, featuring hardening scripts, configurations, spins, labs, and environments designed to secure and fortify the Fedora distribution.",36,2026-04-18T03:50:02Z,2026.0,https://github.com/wandapeter/awesome-fedora-security,2023.0
557046531,awesome-javascript-realms-security,weizman,javascript realms security resources,36,2025-11-06T12:21:59Z,2025.0,https://github.com/weizman/awesome-javascript-realms-security,2022.0
450968516,cybersecurity-osint,paulveillard,"An ongoing collection of awesome tools and frameworks, best security software practices, libraries, learning tutorials, frameworks, academic and practical resources about Open-source intelligence (OSINT) in cybersecurity.",36,2026-04-01T09:54:17Z,2026.0,https://github.com/paulveillard/cybersecurity-osint,2022.0
459267907,cybersecurity-dast,paulveillard,"An ongoing & curated collection of awesome software best practices and techniques, libraries and frameworks, E-books and videos, websites, blog posts, links to github Repositories, technical guidelines and important resources about Dynamic Application Security Testing (DAST) Tools.",36,2026-03-29T22:31:22Z,2026.0,https://github.com/paulveillard/cybersecurity-dast,2022.0
439000961,cybersecurity-macOS-iOS-security,paulveillard,"An ongoing collection of awesome macOS and iOS security tools, software, libraries, learning tutorials, frameworks, academic and practical resources.",36,2026-04-17T04:37:24Z,2026.0,https://github.com/paulveillard/cybersecurity-macOS-iOS-security,2021.0
435142570,cybersecurity-industrial-control-systems-security,paulveillard,"A collection of awesome software, libraries, documents, books, resources and cool stuff about industrial control systems in cybersecurity.",36,2026-04-17T08:14:06Z,2026.0,https://github.com/paulveillard/cybersecurity-industrial-control-systems-security,2021.0
677842136,awesome-iot-and-hardware-security,kayranfatih,"A collection of awesome tools, books, resources, software, documents and cool stuff about IoT and HW security.",35,2026-04-15T12:04:44Z,2026.0,https://github.com/kayranfatih/awesome-iot-and-hardware-security,2023.0
646905142,venom,kraloveckey,"👽 The collection of awesome software, tools, libraries, documents, books, resources and cool stuff about information security, penetration testing and offensive cybersecurity.",35,2026-04-26T16:36:59Z,2026.0,https://github.com/kraloveckey/venom,2023.0
900821403,awesome-github-actions-security,johnbillion,A curated list of awesome things related to securing your GitHub Actions workflows.,34,2026-03-30T17:00:24Z,2026.0,https://github.com/johnbillion/awesome-github-actions-security,2024.0
433441826,awesome-blockchain-security,SonyaMoisset,A curated list of awesome blockchain security resources,33,2026-02-22T00:05:24Z,2026.0,https://github.com/SonyaMoisset/awesome-blockchain-security,2021.0
1123760956,awesome-security-feeds,clivoa,"Awesome Security Feeds a curated, structured and automation-friendly collection of security RSS/Atom sources. Based on https://securityfeeds.org/",33,2026-04-28T06:26:09Z,2026.0,https://github.com/clivoa/awesome-security-feeds,2025.0
177409240,awesome-blockchain-security-platforms,gokulsan,"Blockchain Security Tools and Techniques - A Deep Dive to Virtual Machines, Vulnerability Assessments, Penetration Testing, Audit Tools etc.",33,2026-01-03T11:10:00Z,2026.0,https://github.com/gokulsan/awesome-blockchain-security-platforms,2019.0
611445920,Super_Cool_Links_By_Sera,RealSeraphina,A collection of awesome links I've compiled that are related to cybersecurity.,33,2026-02-05T16:03:40Z,2026.0,https://github.com/RealSeraphina/Super_Cool_Links_By_Sera,2023.0
73689470,Awesome-Hacking,Muhammd,"A collection of various awesome lists for hackers, pentesters and security researchers",32,2026-01-20T19:10:18Z,2026.0,https://github.com/Muhammd/Awesome-Hacking,2016.0
439009441,cybersecurity-android-security,paulveillard,"An ongoing collection of awesome android security tools, software, libraries, learning tutorials, frameworks, academic and practical resources",32,2026-03-04T14:59:47Z,2026.0,https://github.com/paulveillard/cybersecurity-android-security,2021.0
543635607,awesome-cybersecurity-reddit,d0midigi,"A curated list featuring OSs, hacking, cybersecurity, network security, and IT-related subreddits.",32,2026-04-27T12:33:42Z,2026.0,https://github.com/d0midigi/awesome-cybersecurity-reddit,2022.0
530314370,Awesome-Security-Resources,Prashant-Bhapkar,Vulnerability Assessment and Penetration Testing Tools (Information Security / Cyber security),31,2026-02-15T22:02:03Z,2026.0,https://github.com/Prashant-Bhapkar/Awesome-Security-Resources,2022.0
106437231,AwesomeSecurityStandardsList,MarkStanhope,Awesome List for Security Standards,31,2025-03-21T00:13:08Z,2025.0,https://github.com/MarkStanhope/AwesomeSecurityStandardsList,2017.0
150078187,https-github.com-ExpLife0011-awesome-windows-kernel-security-development,pr0code,,31,2025-03-02T13:53:54Z,2025.0,https://github.com/pr0code/https-github.com-ExpLife0011-awesome-windows-kernel-security-development,2018.0
168097582,awesome-aws-security,coffeewithayman,A carefully curated list of open source projects aimed at improving your AWS security posture!,31,2025-09-25T17:42:58Z,2025.0,https://github.com/coffeewithayman/awesome-aws-security,2019.0
306457147,awesome-dev-first-security,hp271,A curated collection of tools and resources for building security with a developer first approach.,30,2025-12-14T03:12:18Z,2025.0,https://github.com/hp271/awesome-dev-first-security,2020.0
375539918,awesome-redos-security,engn33r,List of RegEx DoS (ReDoS) CVEs and resources,30,2026-04-09T09:36:53Z,2026.0,https://github.com/engn33r/awesome-redos-security,2021.0
1036274775,Awesome-AI-Security,0xSojalSec,"Resources, research, and tools for securing AI systems",30,2026-04-27T21:58:24Z,2026.0,https://github.com/0xSojalSec/Awesome-AI-Security,2025.0
1095770270,awesome-ai-security,brinhosa,"A collection of awesome AI Security, LLM Security, and Prompt Injection tools and resources.",29,2026-03-27T20:44:45Z,2026.0,https://github.com/brinhosa/awesome-ai-security,2025.0
475105096,cybersecurity-pam,paulveillard,"An ongoing & curated collection of awesome software best practices and techniques, libraries and frameworks, E-books and videos, websites, blog posts, links to github Repositories, technical guidelines and important resources about Privileged Access Management (PAM) in Cybersecurity.",29,2026-03-09T17:41:15Z,2026.0,https://github.com/paulveillard/cybersecurity-pam,2022.0
869705160,awesome-web3-security,fabionoth,A curated list of awesome Web3 Security.,28,2026-04-07T13:18:11Z,2026.0,https://github.com/fabionoth/awesome-web3-security,2024.0
459268089,cybersecurity-sast,paulveillard,"An ongoing & curated collection of awesome software best practices and techniques, libraries and frameworks, E-books and videos, websites, blog posts, links to github Repositories, technical guidelines and important resources about Static Application Security Testing (SAST) Tools.",28,2026-03-21T14:02:05Z,2026.0,https://github.com/paulveillard/cybersecurity-sast,2022.0
452680760,cybersecurity-pcap-tools,paulveillard,"A collection of awesome software, libraries, documents, books, resources and cool stuff about cybersecurity packet capture (PCAP) tools.",28,2026-03-26T23:25:25Z,2026.0,https://github.com/paulveillard/cybersecurity-pcap-tools,2022.0
456778518,awesome-hacking-training,Smithech,A curated list of awesome security and hacking training platforms and resources.,27,2026-04-24T19:03:39Z,2026.0,https://github.com/Smithech/awesome-hacking-training,2022.0
135962607,blockchain-security-awesome,bcsecorg,,27,2025-06-28T02:32:14Z,2025.0,https://github.com/bcsecorg/blockchain-security-awesome,2018.0
436470418,cybersecurity-web-security,paulveillard,"An ongoing & curated collection of awesome software best practices and techniques, libraries and frameworks, E-books and videos, websites, blog posts, links to github Repositories, technical guidelines and important resources about Web Security in Cybersecurity.",27,2025-09-18T15:53:30Z,2025.0,https://github.com/paulveillard/cybersecurity-web-security,2021.0
947915782,Resources-,ekomsSavior,PDFs of awesome cybersecurity info,27,2026-04-09T07:37:47Z,2026.0,https://github.com/ekomsSavior/Resources-,2025.0
106944713,awesome-web-security,cyberheartmi9,,26,2026-04-07T14:14:29Z,2026.0,https://github.com/cyberheartmi9/awesome-web-security,2017.0
1102232124,awesome-agent-communication-security,theshi-1128,"A curated collection of research and techniques on securing agent communication in Large Language Model (LLM)–based agent systems, including protocols, security risks, defense countermeasures, and more.",26,2026-04-27T00:29:12Z,2026.0,https://github.com/theshi-1128/awesome-agent-communication-security,2025.0
404693283,awesome-web-security-paper,splitline,📝 Web security related academic papers collection (just for myself).,25,2025-03-17T03:10:57Z,2025.0,https://github.com/splitline/awesome-web-security-paper,2021.0
962499287,awesome-game-security,BlackTom900131,,25,2026-04-15T11:23:50Z,2026.0,https://github.com/BlackTom900131/awesome-game-security,2025.0
443225050,cybersecurity-iOS,paulveillard,"A collection of awesome framework, libraries, learning tutorials, videos, webcasts, technical resources and cool stuff about iOS Security.",25,2026-03-30T04:31:42Z,2026.0,https://github.com/paulveillard/cybersecurity-iOS,2021.0
435158414,cybersecurity-cryptography,paulveillard,"A collection of awesome software, libraries, documents, books, resources and cool stuff about cryptography in Cybersecurity.",25,2026-03-08T11:00:12Z,2026.0,https://github.com/paulveillard/cybersecurity-cryptography,2021.0
1181295966,awesome-mcp-security,getagentseal,"Security scores for 800+ MCP servers. 9 analyzers scan for prompt injection, toxic flows, and attack surface risks. Updated daily. 🛡️",24,2026-04-21T05:43:58Z,2026.0,https://github.com/getagentseal/awesome-mcp-security,2026.0
443604795,awesome-product-security,dagheyman,📚A curated list of product security resources.,23,2026-02-16T10:24:57Z,2026.0,https://github.com/dagheyman/awesome-product-security,2022.0
443548236,cybersecurity-social-engineering,paulveillard,"A collection of awesome framework, libraries, learning tutorials, videos, webcasts, technical resources and cool stuff about Social Engineering in Cybersecurity",23,2026-04-08T06:50:10Z,2026.0,https://github.com/paulveillard/cybersecurity-social-engineering,2022.0
891038482,awesome-genai-security,jassics,"Curated list of links, references, books videos, tutorials (Free or Paid), Exploit, CTFs, Hacking Practices etc. which are related to GenAI and LLM Security",22,2026-04-27T23:03:07Z,2026.0,https://github.com/jassics/awesome-genai-security,2024.0
207188322,awesome-es,sduff,A collection of awesome resources for Splunk Enterprise Security,22,2025-09-17T05:31:57Z,2025.0,https://github.com/sduff/awesome-es,2019.0
1007829916,awesome-offensive-security-ai,ox01024,"A curated list of outstanding offensive security AI work, papers, organizations, libraries, and benchmarks.",22,2026-04-27T11:00:48Z,2026.0,https://github.com/ox01024/awesome-offensive-security-ai,2025.0
870618055,Awesome-DNS-Security,The-Team-Phoenix,"Awesome DNS Security is a curated list of tools, best practices, and resources focused on securing DNS infrastructure.",22,2026-01-11T01:37:46Z,2026.0,https://github.com/The-Team-Phoenix/Awesome-DNS-Security,2024.0
1112142779,awesome-ai-agents-security,ProjectRecon,A living map of the AI agent security ecosystem.,21,2026-04-27T13:06:45Z,2026.0,https://github.com/ProjectRecon/awesome-ai-agents-security,2025.0
149919452,awesome-security-analytics,caliskanfurkan,A repo for security analytics & threat hunting resources,21,2026-02-10T15:04:05Z,2026.0,https://github.com/caliskanfurkan/awesome-security-analytics,2018.0
145545899,security-awesome,por7er,,21,2026-01-05T01:36:28Z,2026.0,https://github.com/por7er/security-awesome,2018.0
450700395,cybersecurity-networking,paulveillard,"An ongoing curated collection of awesome software, libraries, frameworks, talks & videos, best practices, learning tutorials and important practical resources about networking in cybersecurity",21,2026-01-02T19:10:07Z,2026.0,https://github.com/paulveillard/cybersecurity-networking,2022.0
564925546,cybersecurity-threat-modeling,paulveillard,"An ongoing & curated collection of awesome software best practices and techniques, libraries and frameworks, E-books and videos, websites, blog posts, links to github Repositories, technical guidelines and important resources about Threat Modeling in Cybersecurity.",21,2026-01-09T22:56:36Z,2026.0,https://github.com/paulveillard/cybersecurity-threat-modeling,2022.0
356555141,InfoSec101,SarthakRout,Collection of awesome resources for beginners on cyber security,20,2025-11-08T14:01:26Z,2025.0,https://github.com/SarthakRout/InfoSec101,2021.0
637476714,awesome-substrate-security,x676f64,A repo to for sharing information on Substrate security,20,2025-12-14T18:15:21Z,2025.0,https://github.com/x676f64/awesome-substrate-security,2023.0
426894735,awesome-cloud-security,Metarget,awesome resources about cloud security 🐿,20,2025-02-13T01:45:19Z,2025.0,https://github.com/Metarget/awesome-cloud-security,2021.0
520640202,fucking-awesome-web-security,Correia-jpv,🐶 A curated list of Web Security materials and resources. With repository stars⭐ and forks🍴,20,2026-04-28T07:56:14Z,2026.0,https://github.com/Correia-jpv/fucking-awesome-web-security,2022.0
869507559,awesome-LLM-security,christiancscott,A compendium of threat modeling and security testing resources for LLMs and GenAI agents,19,2026-04-20T15:29:01Z,2026.0,https://github.com/christiancscott/awesome-LLM-security,2024.0
295916500,awesome-vehicle-security-and-safety,Asll666,🚗 A curated list of resources for learning about vehicle security and safety.,19,2026-03-04T15:04:27Z,2026.0,https://github.com/Asll666/awesome-vehicle-security-and-safety,2020.0
424230792,awesome-decentralized-internet-web3-blockchain-p2p-security-world-cloud,vorburger,Directory of awesome projects related to the future buzzword compliant decentralized internet Web3 Blockchain P2P secure world cloud!,19,2026-03-01T01:29:43Z,2026.0,https://github.com/vorburger/awesome-decentralized-internet-web3-blockchain-p2p-security-world-cloud,2021.0
90211330,awesome-security-feeds,r1b,A curated list of awesome resources for tracking vulnerabilities in software,19,2026-04-03T06:00:04Z,2026.0,https://github.com/r1b/awesome-security-feeds,2017.0
256917372,Awesome-Software-Supply-Chain-Security,Vancir,Awesome materials for software supply chain security,18,2025-05-02T14:19:14Z,2025.0,https://github.com/Vancir/Awesome-Software-Supply-Chain-Security,2020.0
915103248,Awesome-WF-Security,WF-Attack-and-Defense,Awesome Website Fingerprinting Attack and Defense,18,2026-04-20T02:24:12Z,2026.0,https://github.com/WF-Attack-and-Defense/Awesome-WF-Security,2025.0
622640986,web3-security,wallet-guard,"A curated list of awesome Web3 security resources, guides, tools, and thought leaders.",18,2026-03-30T21:21:50Z,2026.0,https://github.com/wallet-guard/web3-security,2023.0
225470252,qazbnm456-awesome-web-security,mishmashclone,https://github.com/qazbnm456/awesome-web-security,18,2026-04-10T15:24:28Z,2026.0,https://github.com/mishmashclone/qazbnm456-awesome-web-security,2019.0
440401781,awesome-5g-security,Metarget,awesome resources about 5G security 🐿,17,2025-11-19T17:25:46Z,2025.0,https://github.com/Metarget/awesome-5g-security,2021.0
151718253,container-security-awesome,kai5263499,,17,2026-04-11T03:59:59Z,2026.0,https://github.com/kai5263499/container-security-awesome,2018.0
460567118,cybersecurity-firewall,paulveillard,"An ongoing & curated collection of awesome software best practices and techniques, libraries and frameworks, E-books and videos, websites, blog posts, links to github Repositories, technical guidelines and important resources about Firewall in Cybersecurity",17,2025-12-31T04:39:02Z,2025.0,https://github.com/paulveillard/cybersecurity-firewall,2022.0
492206257,cybersecurity-honeypots,paulveillard,"An ongoing & curated collection of awesome software best practices and techniques, libraries and frameworks, E-books and videos, websites, blog posts, links to github Repositories, technical guidelines and important resources about Honey Pots in Cybersecurity.",17,2026-03-26T08:29:02Z,2026.0,https://github.com/paulveillard/cybersecurity-honeypots,2022.0
1137865873,awesome-ai-security,gmh5225,"A curated list of AI Security materials and resources for Pentesters, Bug Hunters, and Security Researchers.",16,2026-04-28T01:24:26Z,2026.0,https://github.com/gmh5225/awesome-ai-security,2026.0
704596336,awesome-security-ce,BadSamuraiDev,Awesome List of Enterprise Security Tools' Community Edition,16,2026-01-23T10:53:55Z,2026.0,https://github.com/BadSamuraiDev/awesome-security-ce,2023.0
905286175,awesome-cloud-security,uchi-mata,My collection of Cloud Security Resources,16,2025-04-27T18:07:14Z,2025.0,https://github.com/uchi-mata/awesome-cloud-security,2024.0
570605900,cybersecurity-zero-day,paulveillard,"An ongoing & curated collection of awesome software best practices and techniques, libraries and frameworks, E-books and videos, websites, blog posts, links to github Repositories, technical guidelines and important resources about Zero-day attack and exploits in Cybersecurity",16,2026-04-09T19:58:46Z,2026.0,https://github.com/paulveillard/cybersecurity-zero-day,2022.0
492211162,cybersecurity-waf,paulveillard,"An ongoing & curated collection of awesome software best practices and techniques, libraries and frameworks, E-books and videos, websites, blog posts, links to github Repositories, technical guidelines and important resources about Web Application Firewall (WAF) in Cybersecurity",16,2025-02-11T00:58:51Z,2025.0,https://github.com/paulveillard/cybersecurity-waf,2022.0
799286934,awesome-rust-security-guide,iAnonymous3000,"Comprehensive Guide to Rust for Security and Privacy Researchers: Covering memory safety, concurrency, cryptography, secure coding practices, formal verification, and more.",15,2026-02-19T16:32:41Z,2026.0,https://github.com/iAnonymous3000/awesome-rust-security-guide,2024.0
859095006,awesome-cyber-security,TzuriLabs,"A bunch of resources containing learning resources, certifications, security frameworks, bug bounties, podcasts and tools used for cyber security.",15,2026-04-27T18:52:01Z,2026.0,https://github.com/TzuriLabs/awesome-cyber-security,2024.0
657349932,awesome-secret-scanning,advanced-security,A curated list of awesome GitHub Advanced Security secret scanning resources.,15,2026-04-23T19:04:21Z,2026.0,https://github.com/advanced-security/awesome-secret-scanning,2023.0
964181522,awesome-cybersecurity-MCP,JoasASantos,,15,2026-02-14T17:48:36Z,2026.0,https://github.com/JoasASantos/awesome-cybersecurity-MCP,2025.0
329655736,awesome-cybersecurity-bookmarks,hRun,A cybersecurity guy's curated list of useful browser bookmarks,15,2025-12-31T13:35:24Z,2025.0,https://github.com/hRun/awesome-cybersecurity-bookmarks,2021.0
49406562,bookmarks,clouded-eas,all things awesome security,14,2025-09-08T00:25:42Z,2025.0,https://github.com/clouded-eas/bookmarks,2016.0
655257347,awesome-goplus-security,GoPlusSecurity,An awesome & curated list of resources related to GoPlus Security.,14,2026-02-28T16:17:14Z,2026.0,https://github.com/GoPlusSecurity/awesome-goplus-security,2023.0
1180258845,awesome-claude-code-security,efij,"A awesome curated list of security resources, hardening tools, threat research, and governance frameworks specifically for Claude Code",14,2026-04-27T13:14:21Z,2026.0,https://github.com/efij/awesome-claude-code-security,2026.0
219761657,awesome-blockchain-security,nachobonilla,The purpose of this document is to gather public information on vulnerabilities introduced on Blockchains software.,14,2025-01-11T07:17:59Z,2025.0,https://github.com/nachobonilla/awesome-blockchain-security,2019.0
1048517887,awesome-security-research,g3rzi,😎 A curated list of the awesome resources about the security research,14,2026-04-27T16:03:07Z,2026.0,https://github.com/g3rzi/awesome-security-research,2025.0
745625149,awesome-embedded-linux-security,kayranfatih,"A collection of awesome tools, books, resources, software, documents and cool stuff about embedded linux security",14,2026-04-25T15:01:58Z,2026.0,https://github.com/kayranfatih/awesome-embedded-linux-security,2024.0
189170071,cryptocurrency-security-awesome,ashishb,Cryptocurrencies related Security resources,14,2025-10-16T08:34:57Z,2025.0,https://github.com/ashishb/cryptocurrency-security-awesome,2019.0
502335175,awesome-cairo-security,SkidsDAO,A curated list of security related material for the growing starknet ecosystem particularly cairo smart contracts.,14,2024-12-22T16:08:42Z,2024.0,https://github.com/SkidsDAO/awesome-cairo-security,2022.0
655558395,awesome-tezos-security,Sm4rty-1,This repository serves as a comprehensive resource that delves into the various security aspects of the Tezos blockchain and provides best practices for developing secure smart contracts. Feel free to contribute to the project. 🌐,14,2025-02-24T04:47:34Z,2025.0,https://github.com/Sm4rty-1/awesome-tezos-security,2023.0
454611355,cybersecurity-API-security-checklist,paulveillard,"An ongoing collection of awesome software, API libraries, checlists, best guidelines and resources and most important security countermeasures when designing, testing, and releasing your API.",14,2025-07-16T23:22:37Z,2025.0,https://github.com/paulveillard/cybersecurity-API-security-checklist,2022.0
455721083,cybersecurity-dynamic-analysis,paulveillard,"An ongoing & curated collection of awesome vulnerability scanning software, libraries and frameworks, best guidelines and technical resources and most important dynamic application security testing (DAST)",14,2025-08-31T19:34:38Z,2025.0,https://github.com/paulveillard/cybersecurity-dynamic-analysis,2022.0
519773880,cybersecurity-web-application-labs,paulveillard,"An ongoing & curated collection of awesome software best practices and techniques, libraries and frameworks, E-books and videos, websites, blog posts, links to github Repositories, technical guidelines and important resources about Web Application Security Labs in Cybersecurity",14,2025-11-03T10:50:48Z,2025.0,https://github.com/paulveillard/cybersecurity-web-application-labs,2022.0
456330220,cybersecurity-static-analysis,paulveillard,"An ongoing & curated collection of awesome vulnerability scanning software, libraries and frameworks, best guidelines, technical resources and most important static application security testing (SAST)",14,2025-06-12T06:05:45Z,2025.0,https://github.com/paulveillard/cybersecurity-static-analysis,2022.0
286180735,awesome-atm-security,0x90,ATM security list,13,2026-03-01T05:08:20Z,2026.0,https://github.com/0x90/awesome-atm-security,2020.0
158522300,awesome-security-python-training,jaegeral,This repo will turn into a list of training materials for python starters with focus on security,13,2023-02-11T13:23:19Z,2023.0,https://github.com/jaegeral/awesome-security-python-training,2018.0
139727270,awesomes,hktalent,awesome、python、C++、linux、database、php、sql、penetration、security、infosec、javascript、tips...,13,2024-08-12T19:39:48Z,2024.0,https://github.com/hktalent/awesomes,2018.0
785240374,made-in-tanzania,Tanzania-CyberSec-Community,"A curation of awesome security tools, exploits security projects developed by Tanzanian Cybersecurity Enthusiasts",13,2025-10-11T13:27:22Z,2025.0,https://github.com/Tanzania-CyberSec-Community/made-in-tanzania,2024.0
450957557,cybersecurity-network-automation,paulveillard,"A collection of awesome software, libraries, frameworks, talks & videos, best practices, learning tutorials and important practical resources about automation in Networking security",13,2026-02-14T09:47:08Z,2026.0,https://github.com/paulveillard/cybersecurity-network-automation,2022.0
238976037,awesome-telco-security,Lofmir,A list of telco security resources and projects.,13,2026-04-18T04:17:12Z,2026.0,https://github.com/Lofmir/awesome-telco-security,2020.0
1152987267,awesome-llm-security,beyefendi,"Awesome LLM security tools, research, and documents",12,2026-04-25T21:04:57Z,2026.0,https://github.com/beyefendi/awesome-llm-security,2026.0
887659082,Awesome-LLM4Security,LLMs-Sec,Awesome LLM for Cybersecurity,12,2026-03-06T01:42:08Z,2026.0,https://github.com/LLMs-Sec/Awesome-LLM4Security,2024.0
805505058,Project-extension-,KidiIT,Awesome supercharged JavaScript projects for creating Automated Web Apps or softwares for proactive security purposes in an organization.,12,2025-11-08T11:59:19Z,2025.0,https://github.com/KidiIT/Project-extension-,2024.0
459275118,cybersecurity-vulnerability-management,paulveillard,"An ongoing & curated collection of awesome software best practices and techniques, libraries and frameworks, E-books and videos, websites, blog posts, links to github Repositories, technical guidelines and important resources about  Software Vulnerabilities Management Process in Cybersecurity",12,2025-06-13T13:05:35Z,2025.0,https://github.com/paulveillard/cybersecurity-vulnerability-management,2022.0
1166670706,awesome-ai-offensive-security,yeyintminthuhtut,"A curated list of awesome AI agents and tools specifically designed for AI-powered offensive security, as well as tools for attacking AI systems.",11,2026-04-27T09:59:03Z,2026.0,https://github.com/yeyintminthuhtut/awesome-ai-offensive-security,2026.0
1135319960,awesome-web3-security,gmh5225,A curated list of Web3 Security materials and resources for Pentesters and Bug Hunters.,11,2026-04-07T04:38:53Z,2026.0,https://github.com/gmh5225/awesome-web3-security,2026.0
393024882,Awesome-Security-and-Privacy-in-Distributed-Learning,AdamWei-boop,A summay of existing works on security and privacy issues in  distributed learning,11,2026-03-07T07:59:05Z,2026.0,https://github.com/AdamWei-boop/Awesome-Security-and-Privacy-in-Distributed-Learning,2021.0
609379065,cybersecurity-malware,paulveillard,"An ongoing & curated collection of awesome software best practices and techniques, libraries and frameworks, E-books and videos, websites, blog posts, links to github Repositories, technical guidelines and important resources about Malware, Rootkits, and botnets in Cybersecurity.",11,2026-04-20T02:03:14Z,2026.0,https://github.com/paulveillard/cybersecurity-malware,2023.0
875989538,awesome-sway-security,exvulsec,,10,2026-02-27T06:42:39Z,2026.0,https://github.com/exvulsec/awesome-sway-security,2024.0
842924964,awesome-api-security,Swordfish-Security,A collection of awesome API Security tools and resources,10,2026-02-10T15:03:53Z,2026.0,https://github.com/Swordfish-Security/awesome-api-security,2024.0
887734180,Awesome-LogCodeSecurity-LLMs,Awesome-LogCodeSecurity-LLMs,,10,2025-07-12T06:31:25Z,2025.0,https://github.com/Awesome-LogCodeSecurity-LLMs/Awesome-LogCodeSecurity-LLMs,2024.0
449099424,cybersecurity-YARA,paulveillard,"An ongoing collection of awesome tools and frameworks, best security software practices, libraries, learning tutorials, frameworks, academic and practical resources about YARA in cybersecurity",10,2025-12-19T16:56:03Z,2025.0,https://github.com/paulveillard/cybersecurity-YARA,2022.0
477736695,cybersecurity-mobile-security,paulveillard,"An ongoing & curated collection of awesome software best practices and techniques, libraries and frameworks, E-books and videos, websites, blog posts, links to github Repositories, technical guidelines and important resources about Mobile Security in Cybersecurity.",10,2025-05-25T12:03:04Z,2025.0,https://github.com/paulveillard/cybersecurity-mobile-security,2022.0
